filename,classification,lowlevel.mfcc.mean_0,lowlevel.mfcc.mean_1,lowlevel.mfcc.mean_2,lowlevel.mfcc.mean_3,lowlevel.mfcc.mean_4,lowlevel.mfcc.mean_5,lowlevel.mfcc.mean_6,lowlevel.mfcc.mean_7,lowlevel.mfcc.mean_8,lowlevel.mfcc.mean_9,lowlevel.mfcc.mean_10,lowlevel.mfcc.mean_11,lowlevel.mfcc.mean_12
172_1b5_Pl_mc_AKGC417L,2,-776.956,153.532,76.6663,55.0339,32.8955,25.7887,15.4802,10.8267,8.36563,7.49048,6.53997,6.74104,4.25407
172_1b5_Pl_mc_AKGC417L,3,-780.194,150.573,72.7799,52.7949,31.9049,24.7034,15.1295,11.3752,8.43334,7.13487,5.24242,4.93316,3.36689
172_1b5_Pl_mc_AKGC417L,2,-780.99,149.117,71.7781,52.1949,31.8377,24.7273,15.607,10.9975,7.30508,7.30269,6.60992,6.21117,4.21123
172_1b5_Pl_mc_AKGC417L,1,-782.151,152.053,77.7771,56.5125,32.6172,23.5085,13.4229,9.3816,7.0311,7.00985,5.98939,6.02136,4.2798
172_1b5_Pl_mc_AKGC417L,4,-782.465,147.829,75.3078,55.1826,31.9854,23.2238,14.5325,10.9064,8.01262,7.52727,6.34662,6.71945,4.80894
172_1b5_Pl_mc_AKGC417L,2,-775.257,153.167,77.6107,55.385,33.1047,23.4356,13.8716,11.125,7.5017,7.39143,5.52018,6.13959,3.7252
172_1b5_Pl_mc_AKGC417L,1,-767.552,155.735,81.4324,58.0063,33.8725,22.3858,11.0324,7.59679,3.33776,3.72167,2.22265,3.12871,1.08034